{"y_pred": [1, 0, 1, 0, 1, 0, 0, 0, 0, 0, 1, 0, 0, 0, 0, 1, 0, 0, 0, 1, 1, 0, 0, 0, 1, 0, 1, 0, 0, 1, 0, 0, 0, 0, 0, 1, 0, 0, 0, 1, 1, 1, 0, 1, 0, 0, 1, 0, 0, 0, 0, 0, 1, 1, 0, 0, 0, 1, 0, 0, 1, 1, 0, 0, 0, 0, 0, 1, 0, 0, 1, 0, 0, 0, 0, 0, 1, 0, 0, 1, 0, 0, 0, 0, 1, 1, 1, 1, 1, 0, 0, 0, 1, 1, 1, 0, 0, 0, 0, 1, 1, 1, 0, 0, 1, 0, 1, 1, 0, 1, 0, 1, 0, 1, 0, 0, 1, 1, 0, 0, 1, 1, 1, 0, 0, 0, 1, 0, 1, 0, 1, 0, 1, 1, 1, 1, 1, 1, 0, 1, 1, 0, 1, 0, 0, 0, 1, 1, 0, 0, 0, 0, 0, 1, 1, 1, 0, 1, 1, 0, 1, 0, 0, 0, 0, 1, 1, 0, 0, 0, 1, 0, 1, 0, 1, 1, 1, 1, 0, 1, 0, 0, 1, 1, 1, 0, 0, 1, 0], "y_proba": [0.9963383119882243, 0.04769054306010549, 0.9844081622918173, 0.0022499407561986035, 0.9986887970074483, 0.0061507387484094934, 0.021070506536327818, 0.02842344622010946, 0.006502572212641911, 0.007277791992108319, 0.7992003185055966, 0.34344834458616086, 0.0052925851775199794, 0.001255157901305679, 0.020843573039078522, 0.9757320031122804, 0.014485419040551907, 0.4941391064771212, 0.22897286248260756, 0.9948953849567163, 0.996143957390582, 0.18826277700911648, 0.003502673065715122, 0.019433329490343713, 0.9993482795593119, 0.022232547223778668, 0.9471408647388161, 0.0061507387484094934, 0.1599939842595377, 0.9795675171189673, 0.05491252817346512, 0.002124184315374815, 0.003301027277271758, 0.3082934751478259, 0.01829341229405097, 0.9435830460339707, 0.004700044108641579, 0.048508940109147046, 0.00864508217691286, 0.9953391853494881, 0.9948953849567163, 0.9342440201000527, 0.08212335802411537, 0.991963523528935, 0.127869339601201, 0.007379836635249371, 0.9991067746438197, 0.00213053583112101, 0.03800671369579939, 0.0041337222719491145, 0.3191734254344497, 0.12641974646471846, 0.6730884728418528, 0.9229804895248492, 0.019114620081419287, 0.33386295947375016, 0.018000119823992595, 0.9514226713171307, 0.012442223553455676, 0.3503587234727398, 0.991941857694856, 0.9944679526361674, 0.002900720395015843, 0.0010467427392246288, 0.011986034378889556, 0.006600050316420763, 0.0020102162008280152, 0.9944679526361674, 0.04730178746957246, 0.0016782064098433487, 0.9387197903213672, 0.16387553495949764, 0.4726984798465013, 0.0342874836876363, 0.002348733862228743, 0.02236398119680019, 0.8249521885746106, 0.02056107729451765, 0.01451409851222422, 0.8015116933252382, 0.09962319932714156, 0.007731556852352782, 0.03228536763558294, 0.0041337222719491145, 0.9962017013327673, 0.9713170425185551, 0.9945744478945853, 0.9263298636557024, 0.9992209191112248, 0.0006332594726282844, 0.059037544809688446, 0.002275957941769223, 0.991134482088122, 0.9971867844582252, 0.8634804287606924, 0.03070821617284285, 0.45760623226843666, 0.006181562101821025, 0.0031699251237744543, 0.9872232000695927, 0.9940124566210631, 0.9934734508413255, 0.0017225826510272025, 0.052585422029627994, 0.9976593222933839, 0.004922680680184332, 0.9923318307389509, 0.9858337002707804, 0.286460114579291, 0.9395976984084285, 0.08548316083995862, 0.9090233391539396, 0.0004264499548306915, 0.8757916434729288, 0.1727762813185045, 0.004968953423326758, 0.9934734508413255, 0.8668608100545045, 0.002092566146977494, 0.002805048345635701, 0.9971174160634257, 0.9948953849567163, 0.6620906314212757, 0.002482650804061664, 0.007096242567953504, 0.010920450396443683, 0.9994047572721789, 0.001798420333902246, 0.9250363525967975, 0.009681784563930334, 0.9945153452105744, 0.004251385977517263, 0.9967285082961709, 0.9971347104548429, 0.9952735680679765, 0.9983339153089178, 0.9852721576237988, 0.991963523528935, 0.03496618227825271, 0.8383647731492114, 0.9895934861921112, 0.005740526041797754, 0.526031331542219, 0.053003542550834865, 0.0009668718252231822, 0.006537535740656918, 0.9871609442797333, 0.9944679526361674, 0.28216741933728223, 0.028650584807366628, 0.01853379133509611, 0.13954013724347628, 0.002887242648679661, 0.9943389213338781, 0.9942550046556264, 0.9337599778484487, 0.00290884065713588, 0.9235266986829184, 0.9949128133268152, 0.01038492555401319, 0.9925106503172187, 0.021307894689128273, 0.020043828692006393, 0.05141128572135382, 0.07336466057568106, 0.9948999904234418, 0.7422976675919584, 0.001751413083198041, 0.009674274500802894, 0.18631857814583458, 0.9129097761222336, 0.03418004631234608, 0.9881212725417231, 0.002074221049980121, 0.9726106881567487, 0.9657582632606234, 0.9923540353142076, 0.7717154180784341, 0.0011527029273594319, 0.9808352052852837, 0.1059941412682451, 0.009876288770015932, 0.5216413641989018, 0.978525780788071, 0.7124945518057889, 0.003106111307651393, 0.3500144663898555, 0.9565171465714809, 0.0027052936635132657]}