{
    "learning_rate": 0.05354011958062999,
    "max_depth": 3,
    "min_samples_split": 2,
    "n_estimators": 281,
    "subsample": 0.6044863750510079,
    "random_state" : 42
  }
  